a,dest
1,1
2,2
3,3
4,4
5,5
6,6
7,7
8,8
9,9
10,10
11,11
12,12
13,13
14,14
15,15
16,16
17,17
18,18
19,19
20,20
21,21
22,22
23,23
24,24
25,25
26,26
27,27
28,28
29,29
30,30
31,31
32,32
33,33
34,34
35,35
36,36
37,37
38,38
39,39
40,40
41,41
42,42
43,43
44,44
45,45
46,46
47,47
48,48
49,49
50,50
51,51
52,52
53,53
54,54
55,55
56,56
57,57
58,58
59,59
60,60
61,61
62,62
63,63
64,64
65,65
66,66
67,67
68,68
69,69
70,70
71,71
72,72
73,73
74,74
75,75
76,76
77,77
78,78
79,79
80,80
81,81
82,82
83,83
84,84
85,85
86,86
87,87
88,88
89,89
90,90
91,91
92,92
93,93
94,94
95,95
96,96
97,97
98,98
99,99
100,100
101,101
102,102
103,103
104,104
105,105
106,106
107,107
108,108
109,109
110,110
111,111
112,112
113,113
114,114
115,115
116,116
117,117
118,118
119,119
120,120
121,121
122,122
123,123
124,124
125,125
126,126
127,127
128,128
129,129
130,130
131,131
132,132
133,133
134,134
135,135
136,136
137,137
138,138
139,139
140,140
141,141
142,142
143,143
144,144
145,145
146,146
147,147
148,148
149,149
150,150
151,151
152,152
153,153
154,154
155,155
156,156
157,157
158,158
159,159
160,160
161,161
162,162
163,163
164,164
165,165
166,166
167,167
168,168
169,169
170,170
171,171
172,172
173,173
174,174
175,175
176,176
177,177
178,178
179,179
180,180
181,181
182,182
183,183
184,184
185,185
186,186
187,187
188,188
189,189
190,190
191,191
192,192
193,193
194,194
195,195
196,196
197,197
198,198
199,199
200,200
201,201
202,202
203,203
204,204
205,205
206,206
207,207
208,208
209,209
210,210
211,211
212,212
213,213
214,214
215,215
216,216
217,217
218,218
219,219
220,220
221,221
222,222
223,223
224,224
225,225
226,226
227,227
228,228
229,229
230,230
231,231
232,232
233,233
234,234
235,235
236,236
237,237
238,238
239,239
240,240
241,241
242,242
243,243
244,244
245,245
246,246
247,247
248,248
249,249
250,250
251,251
252,252
253,253
254,254
255,255
256,256
257,257
258,258
259,259
260,260
261,261
262,262
263,263
264,264
265,265
266,266
267,267
268,268
269,269
270,270
271,271
272,272
273,273
274,274
275,275
276,276
277,277
278,278
279,279
280,280
281,281
282,282
283,283
284,284
285,285
286,286
287,287
288,288
289,289
290,290
291,291
292,292
293,293
294,294
295,295
296,296
297,297
298,298
299,299
300,300
301,301
302,302
303,303
304,304
305,305
306,306
307,307
308,308
309,309
310,310
311,311
312,312
313,313
314,314
315,315
316,316
317,317
318,318
319,319
320,320
321,321
322,322
323,323
324,324
325,325
326,326
327,327
328,328
329,329
330,330
331,331
332,332
333,333
334,334
335,335
336,336
337,337
338,338
339,339
340,340
341,341
342,342
343,343
344,344
345,345
346,346
347,347
348,348
349,349
350,350
351,351
352,352
353,353
354,354
355,355
356,356
357,357
358,358
359,359
360,360
361,361
362,362
363,363
364,364
365,365
366,366
367,367
368,368
369,369
370,370
371,371
372,372
373,373
374,374
375,375
376,376
377,377
378,378
379,379
380,380
381,381
382,382
383,383
384,384
385,385
386,386
387,387
388,388
389,389
390,390
391,391
392,392
393,393
394,394
395,395
396,396
397,397
398,398
399,399
400,400
401,401
402,402
403,403
404,404
405,405
406,406
407,407
408,408
409,409
410,410
411,411
412,412
413,413
414,414
415,415
416,416
417,417
418,418
419,419
420,420
421,421
422,422
423,423
424,424
425,425
426,426
427,427
428,428
429,429
430,430
431,431
432,432
433,433
434,434
435,435
436,436
437,437
438,438
439,439
440,440
441,441
442,442
443,443
444,444
445,445
446,446
447,447
448,448
449,449
450,450
451,451
452,452
453,453
454,454
455,455
456,456
457,457
458,458
459,459
460,460
461,461
462,462
463,463
464,464
465,465
466,466
467,467
468,468
469,469
470,470
471,471
472,472
473,473
474,474
475,475
476,476
477,477
478,478
479,479
480,480
481,481
482,482
483,483
484,484
485,485
486,486
487,487
488,488
489,489
490,490
491,491
492,492
493,493
494,494
495,495
496,496
497,497
498,498
499,499
500,500
501,501
502,502
503,503
504,504
505,505
506,506
507,507
508,508
509,509
510,510
511,511
512,512
513,513
514,514
515,515
516,516
517,517
518,518
519,519
520,520
521,521
522,522
523,523
524,524
525,525
526,526
527,527
528,528
529,529
530,530
531,531
532,532
533,533
534,534
535,535
536,536
537,537
538,538
539,539
540,540
541,541
542,542
543,543
544,544
545,545
546,546
547,547
548,548
549,549
550,550
551,551
552,552
553,553
554,554
555,555
556,556
557,557
558,558
559,559
560,560
561,561
562,562
563,563
564,564
565,565
566,566
567,567
568,568
569,569
570,570
571,571
572,572
573,573
574,574
575,575
576,576
577,577
578,578
579,579
580,580
581,581
582,582
583,583
584,584
585,585
586,586
587,587
588,588
589,589
590,590
591,591
592,592
593,593
594,594
595,595
596,596
597,597
598,598
599,599
600,600
601,601
602,602
603,603
604,604
605,605
606,606
607,607
608,608
609,609
610,610
611,611
612,612
613,613
614,614
615,615
616,616
617,617
618,618
619,619
620,620
621,621
622,622
623,623
624,624
625,625
626,626
627,627
628,628
629,629
630,630
631,631
632,632
633,633
634,634
635,635
636,636
637,637
638,638
639,639
640,640
641,641
642,642
643,643
644,644
645,645
646,646
647,647
648,648
649,649
650,650
651,651
652,652
653,653
654,654
655,655
656,656
657,657
658,658
659,659
660,660
661,661
662,662
663,663
664,664
665,665
666,666
667,667
668,668
669,669
670,670
671,671
672,672
673,673
674,674
675,675
676,676
677,677
678,678
679,679
680,680
681,681
682,682
683,683
684,684
685,685
686,686
687,687
688,688
689,689
690,690
691,691
692,692
693,693
694,694
695,695
696,696
697,697
698,698
699,699
700,700
701,701
702,702
703,703
704,704
705,705
706,706
707,707
708,708
709,709
710,710
711,711
712,712
713,713
714,714
715,715
716,716
717,717
718,718
719,719
720,720
721,721
722,722
723,723
724,724
725,725
726,726
727,727
728,728
729,729
730,730
731,731
732,732
733,733
734,734
735,735
736,736
737,737
738,738
739,739
740,740
741,741
742,742
743,743
744,744
745,745
746,746
747,747
748,748
749,749
750,750
751,751
752,752
753,753
754,754
755,755
756,756
757,757
758,758
759,759
760,760
761,761
762,762
763,763
764,764
765,765
766,766
767,767
768,768
769,769
770,770
771,771
772,772
773,773
774,774
775,775
776,776
777,777
778,778
779,779
780,780
781,781
782,782
783,783
784,784
785,785
786,786
787,787
788,788
789,789
790,790
791,791
792,792
793,793
794,794
795,795
796,796
797,797
798,798
799,799
800,800
801,801
802,802
803,803
804,804
805,805
806,806
807,807
808,808
809,809
810,810
811,811
812,812
813,813
814,814
815,815
816,816
817,817
818,818
819,819
820,820
821,821
822,822
823,823
824,824
825,825
826,826
827,827
828,828
829,829
830,830
831,831
832,832
833,833
834,834
835,835
836,836
837,837
838,838
839,839
840,840
841,841
842,842
843,843
844,844
845,845
846,846
847,847
848,848
849,849
850,850
851,851
852,852
853,853
854,854
855,855
856,856
857,857
858,858
859,859
860,860
861,861
862,862
863,863
864,864
865,865
866,866
867,867
868,868
869,869
870,870
871,871
872,872
873,873
874,874
875,875
876,876
877,877
878,878
879,879
880,880
881,881
882,882
883,883
884,884
885,885
886,886
887,887
888,888
889,889
890,890
891,891
892,892
893,893
894,894
895,895
896,896
897,897
898,898
899,899
900,900
901,901
902,902
903,903
904,904
905,905
906,906
907,907
908,908
909,909
910,910
911,911
912,912
913,913
914,914
915,915
916,916
917,917
918,918
919,919
920,920
921,921
922,922
923,923
924,924
925,925
926,926
927,927
928,928
929,929
930,930
931,931
932,932
933,933
934,934
935,935
936,936
937,937
938,938
939,939
940,940
941,941
942,942
943,943
944,944
945,945
946,946
947,947
948,948
949,949
950,950
951,951
952,952
953,953
954,954
955,955
956,956
957,957
958,958
959,959
960,960
961,961
962,962
963,963
964,964
965,965
966,966
967,967
968,968
969,969
970,970
971,971
972,972
973,973
974,974
975,975
976,976
977,977
978,978
979,979
980,980
981,981
982,982
983,983
984,984
985,985
986,986
987,987
988,988
989,989
990,990
991,991
992,992
993,993
994,994
995,995
996,996
997,997
998,998
999,999
1000,1000
1001,1001
1002,1002
1003,1003
1004,1004
1005,1005
1006,1006
1007,1007
1008,1008
1009,1009
1010,1010
1011,1011
1012,1012
1013,1013
1014,1014
1015,1015
1016,1016
1017,1017
1018,1018
1019,1019
1020,1020
1021,1021
1022,1022
1023,1023
1024,1024
1025,1025
1026,1026
1027,1027
1028,1028
1029,1029
1030,1030
1031,1031
1032,1032
1033,1033
1034,1034
1035,1035
1036,1036
1037,1037
1038,1038
1039,1039
1040,1040
1041,1041
1042,1042
1043,1043
1044,1044
1045,1045
1046,1046
1047,1047
1048,1048
1049,1049
1050,1050
1051,1051
1052,1052
1053,1053
1054,1054
1055,1055
1056,1056
1057,1057
1058,1058
1059,1059
1060,1060
1061,1061
1062,1062
1063,1063
1064,1064
1065,1065
1066,1066
1067,1067
1068,1068
1069,1069
1070,1070
1071,1071
1072,1072
1073,1073
1074,1074
1075,1075
1076,1076
1077,1077
1078,1078
1079,1079
1080,1080
1081,1081
1082,1082
1083,1083
1084,1084
1085,1085
1086,1086
1087,1087
1088,1088
1089,1089
1090,1090
1091,1091
1092,1092
1093,1093
1094,1094
1095,1095
1096,1096
1097,1097
1098,1098
1099,1099
1100,1100
1101,1101
1102,1102
1103,1103
1104,1104
1105,1105
1106,1106
1107,1107
1108,1108
1109,1109
1110,1110
1111,1111
1112,1112
1113,1113
1114,1114
1115,1115
1116,1116
1117,1117
1118,1118
1119,1119
1120,1120
1121,1121
1122,1122
1123,1123
1124,1124
1125,1125
1126,1126
1127,1127
1128,1128
1129,1129
1130,1130
1131,1131
1132,1132
1133,1133
1134,1134
1135,1135
1136,1136
1137,1137
1138,1138
1139,1139
1140,1140
1141,1141
1142,1142
1143,1143
1144,1144
1145,1145
1146,1146
1147,1147
1148,1148
1149,1149
1150,1150
1151,1151
1152,1152
1153,1153
1154,1154
1155,1155
1156,1156
1157,1157
1158,1158
1159,1159
1160,1160
1161,1161
1162,1162
1163,1163
1164,1164
1165,1165
1166,1166
1167,1167
1168,1168
1169,1169
1170,1170
1171,1171
1172,1172
1173,1173
1174,1174
1175,1175
1176,1176
1177,1177
1178,1178
1179,1179
1180,1180
1181,1181
1182,1182
1183,1183
1184,1184
1185,1185
1186,1186
1187,1187
1188,1188
1189,1189
1190,1190
1191,1191
1192,1192
1193,1193
1194,1194
1195,1195
1196,1196
1197,1197
1198,1198
1199,1199
1200,1200
1201,1201
1202,1202
1203,1203
1204,1204
1205,1205
1206,1206
1207,1207
1208,1208
1209,1209
1210,1210
1211,1211
1212,1212
1213,1213
1214,1214
1215,1215
1216,1216
1217,1217
1218,1218
1219,1219
1220,1220
1221,1221
1222,1222
1223,1223
1224,1224
1225,1225
1226,1226
1227,1227
1228,1228
1229,1229
1230,1230
1231,1231
1232,1232
1233,1233
1234,1234
1235,1235
1236,1236
1237,1237
1238,1238
1239,1239
1240,1240
1241,1241
1242,1242
1243,1243
1244,1244
1245,1245
1246,1246
1247,1247
1248,1248
1249,1249
1250,1250
1251,1251
1252,1252
1253,1253
1254,1254
1255,1255
1256,1256
1257,1257
1258,1258
1259,1259
1260,1260
1261,1261
1262,1262
1263,1263
1264,1264
1265,1265
1266,1266
1267,1267
1268,1268
1269,1269
1270,1270
1271,1271
1272,1272
1273,1273
1274,1274
1275,1275
1276,1276
1277,1277
1278,1278
1279,1279
1280,1280
1281,1281
1282,1282
1283,1283
1284,1284
1285,1285
1286,1286
1287,1287
1288,1288
1289,1289
1290,1290
1291,1291
1292,1292
1293,1293
1294,1294
1295,1295
1296,1296
1297,1297
1298,1298
1299,1299
1300,1300
1301,1301
1302,1302
1303,1303
1304,1304
1305,1305
1306,1306
1307,1307
1308,1308
1309,1309
1310,1310
1311,1311
1312,1312
1313,1313
1314,1314
1315,1315
1316,1316
1317,1317
1318,1318
1319,1319
1320,1320
1321,1321
1322,1322
1323,1323
1324,1324
1325,1325
1326,1326
1327,1327
1328,1328
1329,1329
1330,1330
1331,1331
1332,1332
1333,1333
1334,1334
1335,1335
1336,1336
1337,1337
1338,1338
1339,1339
1340,1340
1341,1341
1342,1342
1343,1343
1344,1344
1345,1345
1346,1346
1347,1347
1348,1348
1349,1349
1350,1350
1351,1351
1352,1352
1353,1353
1354,1354
1355,1355
1356,1356
1357,1357
1358,1358
1359,1359
1360,1360
1361,1361
1362,1362
1363,1363
1364,1364
1365,1365
1366,1366
1367,1367
1368,1368
1369,1369
1370,1370
1371,1371
1372,1372
1373,1373
1374,1374
1375,1375
1376,1376
1377,1377
1378,1378
1379,1379
1380,1380
1381,1381
1382,1382
1383,1383
1384,1384
1385,1385
1386,1386
1387,1387
1388,1388
1389,1389
1390,1390
1391,1391
1392,1392
1393,1393
1394,1394
1395,1395
1396,1396
1397,1397
1398,1398
1399,1399
1400,1400
1401,1401
1402,1402
1403,1403
1404,1404
1405,1405
1406,1406
1407,1407
1408,1408
1409,1409
1410,1410
1411,1411
1412,1412
1413,1413
1414,1414
1415,1415
1416,1416
1417,1417
1418,1418
1419,1419
1420,1420
1421,1421
1422,1422
1423,1423
1424,1424
1425,1425
1426,1426
1427,1427
1428,1428
1429,1429
1430,1430
1431,1431
1432,1432
1433,1433
1434,1434
1435,1435
1436,1436
1437,1437
1438,1438
1439,1439
1440,1440
1441,1441
1442,1442
1443,1443
1444,1444
1445,1445
1446,1446
1447,1447
1448,1448
1449,1449
1450,1450
1451,1451
1452,1452
1453,1453
1454,1454
1455,1455
1456,1456
1457,1457
1458,1458
1459,1459
1460,1460
1461,1461
1462,1462
1463,1463
1464,1464
1465,1465
1466,1466
1467,1467
1468,1468
1469,1469
1470,1470
1471,1471
1472,1472
1473,1473
1474,1474
1475,1475
1476,1476
1477,1477
1478,1478
1479,1479
1480,1480
1481,1481
1482,1482
1483,1483
1484,1484
1485,1485
1486,1486
1487,1487
1488,1488
1489,1489
1490,1490
1491,1491
1492,1492
1493,1493
1494,1494
1495,1495
1496,1496
1497,1497
1498,1498
1499,1499
1500,1500
1501,1501
1502,1502
1503,1503
1504,1504
1505,1505
1506,1506
1507,1507
1508,1508
1509,1509
1510,1510
1511,1511
1512,1512
1513,1513
1514,1514
1515,1515
1516,1516
1517,1517
1518,1518
1519,1519
1520,1520
1521,1521
1522,1522
1523,1523
1524,1524
1525,1525
1526,1526
1527,1527
1528,1528
1529,1529
1530,1530
1531,1531
1532,1532
1533,1533
1534,1534
1535,1535
1536,1536
1537,1537
1538,1538
1539,1539
1540,1540
1541,1541
1542,1542
1543,1543
1544,1544
1545,1545
1546,1546
1547,1547
1548,1548
1549,1549
1550,1550
1551,1551
1552,1552
1553,1553
1554,1554
1555,1555
1556,1556
1557,1557
1558,1558
1559,1559
1560,1560
1561,1561
1562,1562
1563,1563
1564,1564
1565,1565
1566,1566
1567,1567
1568,1568
1569,1569
1570,1570
1571,1571
1572,1572
1573,1573
1574,1574
1575,1575
1576,1576
1577,1577
1578,1578
1579,1579
1580,1580
1581,1581
1582,1582
1583,1583
1584,1584
1585,1585
1586,1586
1587,1587
1588,1588
1589,1589
1590,1590
1591,1591
1592,1592
1593,1593
1594,1594
1595,1595
1596,1596
1597,1597
1598,1598
1599,1599
1600,1600
1601,1601
1602,1602
1603,1603
1604,1604
1605,1605
1606,1606
1607,1607
1608,1608
1609,1609
1610,1610
1611,1611
1612,1612
1613,1613
1614,1614
1615,1615
1616,1616
1617,1617
1618,1618
1619,1619
1620,1620
1621,1621
1622,1622
1623,1623
1624,1624
1625,1625
1626,1626
1627,1627
1628,1628
1629,1629
1630,1630
1631,1631
1632,1632
1633,1633
1634,1634
1635,1635
1636,1636
1637,1637
1638,1638
1639,1639
1640,1640
1641,1641
1642,1642
1643,1643
1644,1644
1645,1645
1646,1646
1647,1647
1648,1648
1649,1649
1650,1650
1651,1651
1652,1652
1653,1653
1654,1654
1655,1655
1656,1656
1657,1657
1658,1658
1659,1659
1660,1660
1661,1661
1662,1662
1663,1663
1664,1664
1665,1665
1666,1666
1667,1667
1668,1668
1669,1669
1670,1670
1671,1671
1672,1672
1673,1673
1674,1674
1675,1675
1676,1676
1677,1677
1678,1678
1679,1679
1680,1680
1681,1681
1682,1682
1683,1683
1684,1684
1685,1685
1686,1686
1687,1687
1688,1688
1689,1689
1690,1690
1691,1691
1692,1692
1693,1693
1694,1694
1695,1695
1696,1696
1697,1697
1698,1698
1699,1699
1700,1700
1701,1701
1702,1702
1703,1703
1704,1704
1705,1705
1706,1706
1707,1707
1708,1708
1709,1709
1710,1710
1711,1711
1712,1712
1713,1713
1714,1714
1715,1715
1716,1716
1717,1717
1718,1718
1719,1719
1720,1720
1721,1721
1722,1722
1723,1723
1724,1724
1725,1725
1726,1726
1727,1727
1728,1728
1729,1729
1730,1730
1731,1731
1732,1732
1733,1733
1734,1734
1735,1735
1736,1736
1737,1737
1738,1738
1739,1739
1740,1740
1741,1741
1742,1742
1743,1743
1744,1744
1745,1745
1746,1746
1747,1747
1748,1748
1749,1749
1750,1750
1751,1751
1752,1752
1753,1753
1754,1754
1755,1755
1756,1756
1757,1757
1758,1758
1759,1759
1760,1760
1761,1761
1762,1762
1763,1763
1764,1764
1765,1765
1766,1766
1767,1767
1768,1768
1769,1769
1770,1770
1771,1771
1772,1772
1773,1773
1774,1774
1775,1775
1776,1776
1777,1777
1778,1901
1779,1902
1780,1903
1781,1904
1782,1905
1783,1906
1784,1907
1785,1908
1786,1909
1787,1910
1788,1911
1789,1912
1790,1913
1791,1914
1792,1915
1793,1916
1794,1917
1795,1918
1796,1919
1797,1920
1798,1921
1799,1922
1800,1923
1801,1924
1802,1925
1803,1926
1804,1927
1805,1928
1806,1929
1807,1930
1808,1931
1809,1932
1810,1933
1811,1934
1812,1935
1813,1936
1814,1937
1815,1938
1816,1939
1817,1940
1818,1941
1819,1942
1820,1943
1821,1944
1822,1945
1823,1946
1824,1947
1825,1948
1826,1949
1827,1950
1828,1951
1829,1952
1830,1953
1831,1954
1832,1955
1833,1956
1834,1957
1835,1958
1836,1959
1837,1960
1838,1961
1839,1962
1840,1963
1841,1964
1842,1965
1843,1966
1844,1967
1845,1968
1846,1969
1847,1970
1848,1971
1849,1972
1850,1973
1851,1974
1852,1975
1853,1976
1854,1977
1855,1978
1856,1979
1857,1980
1858,1981
1859,1982
1860,1983
1861,1984
1862,1985
1863,1986
1864,1987
1865,1988
1866,1989
1867,1990
1868,1991
1869,1992
1870,1993
1871,1994
1872,1995
1873,1996
1874,1997
1875,1998
1876,1999
1877,2000
1878,2001
1879,2002
1880,2003
1881,2004
1882,2005
1883,2006
1884,2007
1885,2008
1886,2009
1887,2010
1888,2011
1889,2012
1890,2013
1891,2014
1892,2015
1893,2016
1894,2017
1895,2018
1896,2019
1897,2020
1898,2021
1899,2022
1900,2023
1901,2024
1902,2025
1903,2026
1904,2027
1905,2028
1906,2029
1907,2030
1908,2031
1909,2032
1910,2033
1911,2034
1912,2035
1913,2036
1914,2037
1915,2038
1916,2039
1917,2040
1918,2041
1919,2042
1920,2043
1921,2044
1922,2045
1923,2046
1924,2047
1925,2048
1926,2049
1927,2050
1928,2051
1929,2052
1930,2053
1931,2054
1932,2055
1933,2056
1934,2057
1935,2058
1936,2059
1937,2060
1938,2061
1939,2062
1940,2063
1941,2064
1942,2065
1943,2066
1944,2067
1945,2068
1946,2069
1947,2070
1948,2071
1949,2072
1950,2073
1951,2074
1952,2075
1953,2076
1954,2077
1955,2078
1956,2079
1957,2080
1958,2081
1959,2082
1960,2083
1961,2084
1962,2085
1963,2086
1964,2087
1965,2088
1966,2089
1967,2090
1968,2091
1969,2092
1970,2093
1971,2094
1972,2095
1973,2096
1974,2097
1975,2098
1976,2099
1977,2100
1978,2101
1979,2102
1980,2103
1981,2104
1982,2105
1983,2106
1984,2107
1985,2108
1986,2109
1987,2110
1988,2111
1989,2112
1990,2113
1991,2114
1992,2115
1993,2116
1994,2117
1995,2118
1996,2119
1997,2120
1998,2121
1999,2122
2000,2123
2001,2124
2002,2125
2003,2126
2004,2127
2005,2128
2006,2129
2007,2130
2008,2131
2009,2132
2010,2133
2011,2134
2012,2135
2013,2136
2014,2137
2015,2138
2016,2139
2017,2140
2018,2141
2019,2142
2020,2143
2021,2144
2022,2145
2023,2146
2024,2147
2025,2148
2026,2149
2027,2150
2028,2151
2029,2152
2030,2153
2031,2154
2032,2155
2033,2156
2034,2157
2035,2158
2036,2159
2037,2160
2038,2161
2039,2162
2040,2163
2041,2164
2042,2165
2043,2166
2044,2167
2045,2168
2046,2169
2047,2170
2048,2171
2049,2172
2050,2173
2051,2174
2052,2175
2053,2176
2054,2177
2055,2178
2056,2179
2057,2180
2058,2181
2059,2182
2060,2183
2061,2184
2062,2185
2063,2186
2064,2187
2065,2188
2066,2189
2067,2190
2068,2191
2069,2192
2070,2193
2071,2194
2072,2195
2073,2196
2074,2197
2075,2198
2076,2199
2077,2200
2078,2201
2079,2202
2080,2203
2081,2204
2082,2205
2083,2206
2084,2207
2085,2208
2086,2209
2087,2210
2088,2211
2089,2212
2090,2213
2091,2214
2092,2215
2093,2216
2094,2217
2095,2218
2096,2219
2097,2220
2098,2221
2099,2222
2100,2223
2101,2224
2102,2225
2103,2226
2104,2227
2105,2228
2106,2229
2107,2230
2108,2231
2109,2232
2110,2233
2111,2234
2112,2235
2113,2236
2114,2237
2115,2238
2116,2239
2117,2240
2118,2241
2119,2242
2120,2243
2121,2244
2122,2245
2123,2246
2124,2247
2125,2248
2126,2249
2127,2250
2128,2251
2129,2252
2130,2253
2131,2254
2132,2255
2133,2256
2134,2257
2135,2258
2136,2259
2137,2260
2138,2261
2139,2262
2140,2263
2141,2264
2142,2265
2143,2266
2144,2267
2145,2268
2146,2269
2147,2270
2148,2271
2149,2272
2150,2273
2151,2274
2152,2275
2153,2276
2154,2277
2155,2278
2156,2279
2157,2280
2158,2281
2159,2282
2160,2283
2161,2284
2162,2285
2163,2286
2164,2287
2165,2288
2166,2289
2167,2290
2168,2291
2169,2292
2170,2293
2171,2294
2172,2295
2173,2296
2174,2297
2175,2298
2176,2299
2177,2300
2178,2301
2179,2302
2180,2303
2181,2304
2182,2305
2183,2306
2184,2307
2185,2308
2186,2309
2187,2310
2188,2311
2189,2312
2190,2313
2191,2314
2192,2315
2193,2316
2194,2317
2195,2318
2196,2319
2197,2320
2198,2321
2199,2322
2200,2323
2201,2324
2202,2325
2203,2326
2204,2327
2205,2328
2206,2329
2207,2330
2208,2331
2209,2332
2210,2333
2211,2334
2212,2335
2213,2336
2214,2337
2215,2338
2216,2339
2217,2340
2218,2341
2219,2342
2220,2343
2221,2344
2222,2345
2223,2346
2224,2347
2225,2348
2226,2349
2227,2350
2228,2351
2229,2352
2230,2353
2231,2354
2232,2355
2233,2356
2234,2357
2235,2358
2236,2359
2237,2360
2238,2361
2239,2362
2240,2363
2241,2364
2242,2365
2243,2366
2244,2367
2245,2368
2246,2369
2247,2370
2248,2371
2249,2372
2250,2373
2251,2374
2252,2375
2253,2376
2254,2377
2255,2378
2256,2379
2257,2380
2258,2381
2259,2382
2260,2383
2261,2384
2262,2385
2263,2386
2264,2387
2265,2388
2266,2389
2267,2390
2268,2391
2269,2392
2270,2393
2271,2394
2272,2395
2273,2396
2274,2397
2275,2398
2276,2399
2277,2400
2278,2401
2279,2402
2280,2403
2281,2404
2282,2405
2283,2406
2284,2407
2285,2408
2286,2409
2287,2410
2288,2411
2289,2412
2290,2413
2291,2414
2292,2415
2293,2416
2294,2417
2295,2418
2296,2419
2297,2420
2298,2421
2299,2422
2300,2423
2301,2424
2302,2425
2303,2426
2304,2427
2305,2428
2306,2429
2307,2430
2308,2431
2309,2432
2310,2433
2311,2434
2312,2435
2313,2436
2314,2437
2315,2438
2316,2439
2317,2440
2318,2441
2319,2442
2320,2443
2321,2444
2322,2445
2323,2446
2324,2447
2325,2448
2326,2449
2327,2450
2328,2451
2329,2452
2330,2453
2331,2454
2332,2455
2333,2456
2334,2457
2335,2458
2336,2459
2337,2460
2338,2461
2339,2462
2340,2463
2341,2464
2342,2465
2343,2466
2344,2467
2345,2468
2346,2469
2347,2470
2348,2471
2349,2472
2350,2473
2351,2474
2352,2475
2353,2476
2354,2477
2355,2478
2356,2479
2357,2480
2358,2481
2359,2482
2360,2483
2361,2484
2362,2485
2363,2486
2364,2487
2365,2488
2366,2489
2367,2490
2368,2491
2369,2492
2370,2493
2371,2494
2372,2495
2373,2496
2374,2497
2375,2498
2376,2499
2377,2500
2378,2501
2379,2502
2380,2503
2381,2504
2382,2505
2383,2506
2384,2507
2385,2508
2386,2509
2387,2510
2388,2511
2389,2512
2390,2513
2391,2514
2392,2515
2393,2516
2394,2517
2395,2518
2396,2519
2397,2520
2398,2521
2399,2522
2400,2523
2401,2524
2402,2525
2403,2526
2404,2527
2405,2528
2406,2529
2407,2530
2408,2531
2409,2532
2410,2533
2411,2534
2412,2535
2413,2536
2414,2537
2415,2538
2416,2539
2417,2540
2418,2541
2419,2542
2420,2543
2421,2544
2422,2545
2423,2546
2424,2547
2425,2548
2426,2549
2427,2550
2428,2551
2429,2552
2430,2553
2431,2554
2432,2555
2433,2556
2434,2557
2435,2558
2436,2559
2437,2560
2438,2561
2439,2562
2440,2563
2441,2564
2442,2565
2443,2566
2444,2567
2445,2568
2446,2569
2447,2570
2448,2571
2449,2572
2450,2573
2451,2574
2452,2575
2453,2576
2454,2577
2455,2578
2456,2579
2457,2580
2458,2581
2459,2582
2460,2583
2461,2584
2462,2585
2463,2586
2464,2587
2465,2588
2466,2589
2467,2590
2468,2591
2469,2592
2470,2593
2471,2594
2472,2595
2473,2596
2474,2597
2475,2598
2476,2599
2477,2600
2478,2601
2479,2602
2480,2603
2481,2604
2482,2605
2483,2606
2484,2607
2485,2608
2486,2609
2487,2610
2488,2611
2489,2612
2490,2613
2491,2614
2492,2615
2493,2616
2494,2617
2495,2618
2496,2619
2497,2620
2498,2621
2499,2622
2500,2623
2501,2624
2502,2625
2503,2626
2504,2627
2505,2628
2506,2629
2507,2630
2508,2631
2509,2632
2510,2633
2511,2634
2512,2635
2513,2636
2514,2637
2515,2638
2516,2639
2517,2640
2518,2641
2519,2642
2520,2643
2521,2644
2522,2645
2523,2646
2524,2647
2525,2648
2526,2649
2527,2650
2528,2651
2529,2652
2530,2653
2531,2654
2532,2655
2533,2656
2534,2657
2535,2658
2536,2659
2537,2660
2538,2661
2539,2662
2540,2663
2541,2664
2542,2665
2543,2666
2544,2667
2545,2668
2546,2669
2547,2670
2548,2671
2549,2672
2550,2673
2551,2674
2552,2675
2553,2676
2554,2677
2555,2678
2556,2679
2557,2680
2558,2681
2559,2682
2560,2683
2561,2684
2562,2685
2563,2686
2564,2687
2565,2688
2566,2689
2567,2690
2568,2691
2569,2692
2570,2693
2571,2694
2572,2695
2573,2696
2574,2697
2575,2698
2576,2699
2577,2700
2578,2701
2579,2702
2580,2703
2581,2704
2582,2705
2583,2706
2584,2707
2585,2708
2586,2709
2587,2710
2588,2711
2589,2712
2590,2713
2591,2714
2592,2715
2593,2716
2594,2717
2595,2718
2596,2719
2597,2720
2598,2721
2599,2722
2600,2723
2601,2724
2602,2725
2603,2726
2604,2727
2605,2728
2606,2729
2607,2730
2608,2731
2609,2732
2610,2733
2611,2734
2612,2735
2613,2736
2614,2737
2615,2738
2616,2739
2617,2740
2618,2741
2619,2742
2620,2743
2621,2744
2622,2745
2623,2746
2624,2747
2625,2748
2626,2749
2627,2750
2628,2751
2629,2752
2630,2753
2631,2754
2632,2755
2633,2756
2634,2757
2635,2758
2636,2759
2637,2760
2638,2761
2639,2762
2640,2763
2641,2764
2642,2765
2643,2766
2644,2767
2645,2768
2646,2769
2647,2770
2648,2771
2649,2772
2650,2773
2651,2774
2652,2775
2653,2776
2654,2777
2655,2778
2656,2779
2657,2780
2658,2781
2659,2782
2660,2783
2661,2784
2662,2785
2663,2786
2664,2787
2665,2788
2666,2789
2667,2790
2668,2791
2669,2792
2670,2793
2671,2794
2672,2795
2673,2796
2674,2797
2675,2798
2676,2799
2677,2800
2678,2801
2679,2802
2680,2803
2681,2804
2682,2805
2683,2806
2684,2807
2685,2808
2686,2809
2687,2810
2688,2811
2689,2812
2690,2813
2691,2814
2692,2815
2693,2816
2694,2817
2695,2818
2696,2819
2697,2820
2698,2821
2699,2822
2700,2823
2701,2824
2702,2825
2703,2826
2704,2827
2705,2828
2706,2829
2707,2830
2708,2831
2709,2832
2710,2833
2711,2834
2712,2835
2713,2836
2714,2837
2715,2838
2716,2839
2717,2840
2718,2841
2719,2842
2720,2843
2721,2844
2722,2845
2723,2846
2724,2847
2725,2848
2726,2849
2727,2850
2728,2851
2729,2852
2730,2853
2731,2901
2732,2902
2733,2903
2734,2904
2735,2905
2736,2906
2737,2907
2738,2908
2739,2909
2740,2910
2741,2911
2742,2912
2743,2913
2744,2914
2745,2915
2746,2916
2747,2917
2748,2918
2749,2919
2750,2920
2751,2921
2752,2922
2753,2923
2754,2924
2755,2925
2756,2926
2757,2927
2758,2928
2759,2929
2760,2930
2761,2931
2762,2932
2763,2933
2764,2934
2765,2935
2766,2936
2767,2937
2768,2938
2769,2939
2770,2940
2771,2941
2772,2942
2773,2943
2774,2944
2775,2945
2776,2946
2777,2947
2778,2948
2779,2949
2780,2950
2781,2951
2782,2952
2783,2953
2784,2954
2785,2955
2786,2956
2787,2957
2788,2958
2789,2959
2790,2960
2791,2961
2792,2962
2793,2963
2794,2964
2795,2965
2796,2966
2797,2967
2798,2968
2799,2969
2800,2970
2801,2971
2802,2972
2803,2973
2804,2974
2805,2975
2806,2976
2807,2977
2808,2978
2809,2979
2810,2980
2811,2981
2812,2982
2813,2983
2814,2984
2815,2985
2816,2986
2817,2987
2818,2988
2819,2989
2820,2990
2821,2991
2822,2992
2823,2993
2824,2994
2825,2995
2826,2996
2827,2997
2828,2998
2829,2999
2830,3000
2831,3001
2832,3002
2833,3003
2834,3004
2835,3005
2836,3006
2837,3007
2838,3008
2839,3009
2840,3010
2841,3011
2842,3012
2843,3013
2844,3014
2845,3015
2846,3016
2847,3017
2848,3018
2849,3019
2850,3020
2851,3021
2852,3022
2853,3023
2854,3024
2855,3025
2856,3026
2857,3027
2858,3028
2859,3029
2860,3030
2861,3031
2862,3032
2863,3033
2864,3034
2865,3035
2866,3036
2867,3037
2868,3038
2869,3039
2870,3040
2871,3041
2872,3042
2873,3043
2874,3044
2875,3045
2876,3046
2877,3047
2878,3048
2879,3049
2880,3050
2881,3051
2882,3052
2883,3053
2884,3054
2885,3055
2886,3056
2887,3057
2888,3058
2889,3059
2890,3060
2891,3061
2892,3062
2893,3063
2894,3064
2895,3065
2896,3066
2897,3067
2898,3068
2899,3069
2900,3070
2901,3071
2902,3072
2903,3073
2904,3074
2905,3075
2906,3076
2907,3077
2908,3078
2909,3079
2910,3080
2911,3081
2912,3082
2913,3083
2914,3084
2915,3085
2916,3086
2917,3087
2918,3088
2919,3089
2920,3090
2921,3091
2922,3092
2923,3093
2924,3094
2925,3095
2926,3096
2927,3097
2928,3098
2929,3099
2930,3100
2931,3101
2932,3102
2933,3103
2934,3104
2935,3105
2936,3106
2937,3107
2938,3108
2939,3109
2940,3110
2941,3111
2942,3112
2943,3113
2944,3114
2945,3115
2946,3116
2947,3117
2948,3118
2949,3119
2950,3120
2951,3121
2952,3122
2953,3123
2954,3124
2955,3125
2956,3126
2957,3127
2958,3128
2959,3129
2960,3130
2961,3131
2962,3132
2963,3133
2964,3134
2965,3135
2966,3136
2967,3137
2968,3138
2969,3139
2970,3140
2971,3141
2972,3142
2973,3143
2974,3144
2975,3145
2976,3146
2977,3147
2978,3148
2979,3149
2980,3150
2981,3151
2982,3152
2983,3153
2984,3154
2985,3155
2986,3156
2987,3157
2988,3158
2989,3159
2990,3160
2991,3161
2992,3162
2993,3163
2994,3164
2995,3165
2996,3166
2997,3167
2998,3168
2999,3169
3000,3170
3001,3171
3002,3172
3003,3173
3004,3174
3005,3175
3006,3176
3007,3177
3008,3178
3009,3179
3010,3180
3011,3181
3012,3182
3013,3183
3014,3184
3015,3185
3016,3186
3017,3187
3018,3188
3019,3189
3020,3190
3021,3191
3022,3192
3023,3193
3024,3194
3025,3195
3026,3196
3027,3197
3028,3198
3029,3199
3030,3200
3031,3201
3032,3202
3033,3203
3034,3204
3035,3205
3036,3206
3037,3207
3038,3208
3039,3209
3040,3210
3041,3211
3042,3212
3043,3213
3044,3214
3045,3215
3046,3216
3047,3217
3048,3218
3049,3219
3050,3220
3051,3221
3052,3222
3053,3223
3054,3224
3055,3225
3056,3226
3057,3227
3058,3228
3059,3229
3060,3230
3061,3231
3062,3232
3063,3233
3064,3234
3065,3235
3066,3236
3067,3237
3068,3238
3069,3239
3070,3240
3071,3241
3072,3242
3073,3243
3074,3244
3075,3245
3076,3246
3077,3247
3078,3248
3079,3249
3080,3250
3081,3251
3082,3252
3083,3253
3084,3254
3085,3255
3086,3256
3087,3257
3088,3258
3089,3259
3090,3260
3091,3261
3092,3262
3093,3263
3094,3264
3095,3265
3096,3266
3097,3267
3098,3268
3099,3269
3100,3270
3101,3271
3102,3272
3103,3273
3104,3274
3105,3275
3106,3276
3107,3277
3108,3278
3109,3279
3110,3280
3111,3281
3112,3282
3113,3283
3114,3284
3115,3285
3116,3286
3117,3287
3118,3288
3119,3289
3120,3290
3121,3291
3122,3292
3123,3293
3124,3294
3125,3295
3126,3296
3127,3297
3128,3298
3129,3299
3130,3300
3131,3301
3132,3302
3133,3303
3134,3304
3135,3305
3136,3306
3137,3307
3138,3308
3139,3309
3140,3310
3141,3311
3142,3312
3143,3313
3144,3314
3145,3315
3146,3316
3147,3317
3148,3318
3149,3319
3150,3320
3151,3321
3152,3322
3153,3323
3154,3324
3155,3325
3156,3326
3157,3327
3158,3328
3159,3329
3160,3330
3161,3331
3162,3332
3163,3333
3164,3334
3165,3335
3166,3336
3167,3337
3168,3338
3169,3339
3170,3340
3171,3341
3172,3342
3173,3343
3174,3344
3175,3345
3176,3346
3177,3347
3178,3348
3179,3349
3180,3350
3181,3351
3182,3352
3183,3353
3184,3354
3185,3355
3186,3356
3187,3357
3188,3358
3189,3359
3190,3360
3191,3361
3192,3362
3193,3363
3194,3364
3195,3365
3196,3366
3197,3367
3198,3368
3199,3369
3200,3370
3201,3371
3202,3372
3203,3373
3204,3374
3205,3375
3206,3376
3207,3377
3208,3378
3209,3379
3210,3380
3211,3381
3212,3382
3213,3383
3214,3384
3215,3385
3216,3386
3217,3387
3218,3388
3219,3389
3220,3390
3221,3391
3222,3392
3223,3393
3224,3394
3225,3395
3226,3396
3227,3397
3228,3398
3229,3399
3230,3400
3231,3401
3232,3402
3233,3403
3234,3404
3235,3405
3236,3406
3237,3407
3238,3408
3239,3409
3240,3410
3241,3411
3242,3412
3243,3413
3244,3414
3245,3415
3246,3416
3247,3417
3248,3418
3249,3419
3250,3420
3251,3421
3252,3422
3253,3423
3254,3424
3255,3425
3256,3426
3257,3427
3258,3428
3259,3429
3260,3430
3261,3431
3262,3432
3263,3433
3264,3434
3265,3435
3266,3436
3267,3437
3268,3438
3269,3439
3270,3440
3271,3441
3272,3442
3273,3443
3274,3444
3275,3445
3276,3446
3277,3447
3278,3448
3279,3449
3280,3450
3281,3451
3282,3452
3283,3453
3284,3454
3285,3455
3286,3456
3287,3457
3288,3458
3289,3459
3290,3460
3291,3461
3292,3462
3293,3463
3294,3464
3295,3465
3296,3466
3297,3467
3298,3468
3299,3469
3300,3470
3301,3471
3302,3472
3303,3473
3304,3474
3305,3475
3306,3476
3307,3477
3308,3478
3309,3479
3310,3480
3311,3481
3312,3482
3313,3483
3314,3484
3315,3485
3316,3486
3317,3487
3318,3488
3319,3489
3320,3490
3321,3491
3322,3492
3323,3493
3324,3494
3325,3495
3326,3496
3327,3497
3328,3498
3329,3499
3330,3500
3331,3501
3332,3502
3333,3503
3334,3504
3335,3505
3336,3506
3337,3507
3338,3508
3339,3509
3340,3510
3341,3511
3342,3512
3343,3513
3344,3514
3345,3515
3346,3516
3347,3517
3348,3518
3349,3519
3350,3520
3351,3521
3352,3522
3353,3523
3354,3524
3355,3525
3356,3526
3357,3527
3358,3528
3359,3529
3360,3530
3361,3531
3362,3532
3363,3533
3364,3534
3365,3535
3366,3536
3367,3537
3368,3538
3369,3539
3370,3540
3371,3541
3372,3542
3373,3543
3374,3544
3375,3545
3376,3546
3377,3547
3378,3548
3379,3549
3380,3550
3381,3551
3382,3552
3383,3553
3384,3554
3385,3555
3386,3556
3387,3557
3388,3558
3389,3559
3390,3560
3391,3561
3392,3562
3393,3563
3394,3564
3395,3565
3396,3566
3397,3567
3398,3568
3399,3569
3400,3570
3401,3571
3402,3572
3403,3573
3404,3574
3405,3575
3406,3576
3407,3577
3408,3578
3409,3579
3410,3580
3411,3581
3412,3582
3413,3583
3414,3584
3415,3585
3416,3586
3417,3587
3418,3588
3419,3589
3420,3590
3421,3591
3422,3592
3423,3593
3424,3594
3425,3595
3426,3596
3427,3597
3428,3598
3429,3599
3430,3600
3431,3601
3432,3602
3433,3603
3434,3604
3435,3605
3436,3606
3437,3607
3438,3608
3439,3609
3440,3610
3441,3611
3442,3612
3443,3613
3444,3614
3445,3615
3446,3616
3447,3617
3448,3618
3449,3619
3450,3620
3451,3621
3452,3622
3453,3623
3454,3624
3455,3625
3456,3626
3457,3627
3458,3628
3459,3629
3460,3630
3461,3631
3462,3632
3463,3633
3464,3634
3465,3635
3466,3636
3467,3637
3468,3638
3469,3639
3470,3640
3471,3641
3472,3642
3473,3643
3474,3644
3475,3645
3476,3646
3477,3647
3478,3648
3479,3649
3480,3650
3481,3651
3482,3652
3483,3653
3484,3654
3485,3655
3486,3656
3487,3657
3488,3658
3489,3659
3490,3660
3491,3661
3492,3662
3493,3663
3494,3664
3495,3665
3496,3666
3497,3667
3498,3668
3499,3669
3500,3670
3501,3671
3502,3672
3503,3673
3504,3674
3505,3675
3506,3676
3507,3677
3508,3678
3509,3679
3510,3680
3511,3681
3512,3682
3513,3683
3514,3684
3515,3685
3516,3686
3517,3687
3518,3688
3519,3689
3520,3690
3521,3691
3522,3692
3523,3693
3524,3694
3525,3695
3526,3696
3527,3697
3528,3698
3529,3699
3530,3700
3531,3701
3532,3702
3533,3703
3534,3704
3535,3705
3536,3706
3537,3707
3538,3708
3539,3709
3540,3710
3541,3711
3542,3712
3543,3713
3544,3714
3545,3715
3546,3716
3547,3717
3548,3718
3549,3719
3550,3720
3551,3721
3552,3722
3553,3723
3554,3724
3555,3725
3556,3726
3557,3727
3558,3728
3559,3729
3560,3730
3561,3731
3562,3732
3563,3733
3564,3734
3565,3735
3566,3736
3567,3737
3568,3738
3569,3739
3570,3740
3571,3741
3572,3742
3573,3743
3574,3744
3575,3745
3576,3746
3577,3747
3578,3748
3579,3749
3580,3750
3581,3751
3582,3752
3583,3753
3584,3754
3585,3755
3586,3756
3587,3757
3588,3758
3589,3759
3590,3760
3591,3761
3592,3762
3593,3763
3594,3764
3595,3765
3596,3766
3597,3767
3598,3768
3599,3769
3600,3770
3601,3771
3602,3772
3603,3773
3604,3774
3605,3775
3606,3776
3607,3777
3608,3778
3609,3779
3610,3780
3611,3781
3612,3782
3613,3783
3614,3784
3615,3785
3616,3786
3617,3787
3618,3788
3619,3789
3620,3790
3621,3791
3622,3792
3623,3793
3624,3794
3625,3795
3626,3796
3627,3797
3628,3798
3629,3799
3630,3800
3631,3801
3632,3802
3633,3803
3634,3804
3635,3805
3636,3806
3637,3807
3638,3808
3639,3809
3640,3810
3641,3811
3642,3812
3643,3813
3644,3814
3645,3815
3646,3816
3647,3817
3648,3818
3649,3819
3650,3820
3651,3821
3652,3822
3653,3823
3654,3824
3655,3825
3656,3826
3657,3827
3658,3828
3659,3829
3660,3830
3661,3831
3662,3832
3663,3833
3664,3834
3665,3835
3666,3836
3667,3837
3668,3838
3669,3839
3670,3840
3671,3841
3672,3842
3673,3843
3674,3844
3675,3845
3676,3846
3677,3847
3678,3848
3679,3849
3680,3850
3681,3851
3682,3852
3683,3853
3684,3854
3685,3855
3686,3856
3687,3857
3688,3858
3689,3859
3690,3860
3691,3861
3692,3862
3693,3863
3694,3864
3695,3865
3696,3866
3697,3867
3698,3868
3699,3869
3700,3870
3701,3871
3702,3872
3703,3873
3704,3874
3705,3875
3706,3876
3707,3877
3708,3878
3709,3879
3710,3880
3711,3881
3712,3882
3713,3883
3714,3884
3715,3885
3716,3886
3717,3887
3718,3888
3719,3889
3720,3890
3721,3891
3722,3892
3723,3893
3724,3894
3725,3895
3726,3896
3727,3897
3728,3898
3729,3899
3730,3900
3731,3901
3732,3902
3733,3903
3734,3904
3735,3905
3736,3906
3737,3907
3738,3908
3739,3909
3740,3910
3741,3911
3742,3912
3743,3913
3744,3914
3745,3915
3746,3916
3747,3917
3748,3918
3749,3919
3750,3920
3751,3921
3752,3922
3753,3923
3754,3924
3755,3925
3756,3926
3757,3927
3758,3928
3759,3929
3760,3930
3761,3931
3762,3932
3763,3933
3764,3934
3765,3935
3766,3936
3767,3937
3768,3938
3769,3939
3770,3940
3771,3941
3772,3942
3773,3943
3774,3944
3775,3945
3776,3946
3777,3947
3778,3948
3779,3949
3780,3950
3781,3951
3782,3952
3783,3953
3784,3954
3785,3955
3786,3956
3787,3957
3788,3958
3789,3959
3790,3960
3791,3961
3792,3962
3793,3963
3794,3964
3795,3965
3796,3966
3797,3967
3798,3968
3799,3969
3800,3970
3801,3971
3802,3972
3803,3973
3804,3974
3805,3975
3806,3976
3807,3977
3808,3978
3809,3979
3810,3980
3811,3981
3812,3982
3813,3983
3814,3984
3815,3985
3816,3986
3817,3987
3818,3988
3819,3989
3820,3990
3821,3991
3822,3992
3823,3993
3824,3994
3825,3995
3826,3996
3827,3997
3828,3998
3829,3999
3830,4000
3831,4001
3832,4002
3833,4003
3834,4004
3835,4005
3836,4006
3837,4007
3838,4008
3839,4009
3840,4010
3841,4011
3842,4012
3843,4013
3844,4014
3845,4015
3846,4016
3847,4017
3848,4018
3849,4019
3850,4020
3851,4021
3852,4022
3853,4023
3854,4024
3855,4025
3856,4026
3857,4027
3858,4028
3859,4029
3860,4030
3861,4031
3862,4032
3863,4033
3864,4034
3865,4035
3866,4036
3867,4037
3868,4038
3869,4039
3870,4040
3871,4041
3872,4042
3873,4043
3874,4044
3875,4045
3876,4046
3877,4047
3878,4048
3879,4049
3880,4050
3881,4051
3882,4052
3883,4053
3884,4054
3885,4055
3886,4056
3887,4057
3888,4058
3889,4059
3890,4060
3891,4061
3892,4062
3893,4063
3894,4064
3895,4065
3896,4066
3897,4067
3898,4068
3899,4069
3900,4070
3901,4071
3902,4072
3903,4073
3904,4074
3905,4075
3906,4076
3907,4077
3908,4078
3909,4079
3910,4080
3911,4081
3912,4082
3913,4083
3914,4084
3915,4085
3916,4086
3917,4087
3918,4088
3919,4089
3920,4090
3921,4091
3922,4092
3923,4093
3924,4094
3925,4095
3926,4096
3927,4097
3928,4098
3929,4099
3930,4100
3931,4101
3932,4102
3933,4103
3934,4104
3935,4105
3936,4106
3937,4107
3938,4108
3939,4109
3940,4110
3941,4111
3942,4112
3943,4113
3944,4114
3945,4115
3946,4116
3947,4117
3948,4118
3949,4119
3950,4120
3951,4121
3952,4122
3953,4123
3954,4124
3955,4125
3956,4126
3957,4127
3958,4128
3959,4129
3960,4130
3961,4131
3962,4132
3963,4133
3964,4134
3965,4135
3966,4136
3967,4137
3968,4138
3969,4139
3970,4140
3971,4141
3972,4142
3973,4143
3974,4144
3975,4145
3976,4146
3977,4147
3978,4148
3979,4149
3980,4150
3981,4151
3982,4152
3983,4153
3984,4154
3985,4155
3986,4156
3987,4157
3988,4158
3989,4159
3990,4160
3991,4161
3992,4162
3993,4163
3994,4164
3995,4165
3996,4166
3997,4167
3998,4168
3999,4169
4000,4170
4001,4171
4002,4172
4003,4173
4004,4174
4005,4175
4006,4176
4007,4177
4008,4178
4009,4179
4010,4180
4011,4181
4012,4182
4013,4183
4014,4184
4015,4185
4016,4186
4017,4187
4018,4188
4019,4189
4020,4190
4021,4191
4022,4192
4023,4193
4024,4194
4025,4195
4026,4196
4027,4197
4028,4198
4029,4199
4030,4200
4031,4201
4032,4202
4033,4203
4034,4204
4035,4205
4036,4206
4037,4207
4038,4208
4039,4209
4040,4210
4041,4211
4042,4212
4043,4213
4044,4214
4045,4215
4046,4216
4047,4217
4048,4218
4049,4219
4050,4220
4051,4221
4052,4222
4053,4223
4054,4224
4055,4225
4056,4226
4057,4227
4058,4228
4059,4229
4060,4230
4061,4231
4062,4232
4063,4233
4064,4234
4065,4235
4066,4236
4067,4237
4068,4238
4069,4239
4070,4240
4071,4241
4072,4242
4073,4243
4074,4244
4075,4245
4076,4246
4077,4247
4078,4248
4079,4249
4080,4250
4081,4251
4082,4252
4083,4253
4084,4254
4085,4255
4086,4256
4087,4257
4088,4258
4089,4259
4090,4260
4091,4261
4092,4262
4093,4263
4094,4264
4095,4265
4096,4266
4097,4267
4098,4268
4099,4269
4100,4270
4101,4271
4102,4272
4103,4273
4104,4274
4105,4275
4106,4276
4107,4277
4108,4278
4109,4279
4110,4280
4111,4281
4112,4282
4113,4283
4114,4284
4115,4285
4116,4286
4117,4287
4118,4288
4119,4289
4120,4290
4121,4291
4122,4292
4123,4293
4124,4294
4125,4295
4126,4296
4127,4297
4128,4298
4129,4299
4130,4300
4131,4301
4132,4302
4133,4303
4134,4304
4135,4305
4136,4306
4137,4307
4138,4308
4139,4309
4140,4310
4141,4311
4142,4312
4143,4313
4144,4314
4145,4315
4146,4316
4147,4317
4148,4318
4149,4319
4150,4320
4151,4321
4152,4322
4153,4323
4154,4324
4155,4325
4156,4326
4157,4327
4158,4328
4159,4329
4160,4330
4161,4331
4162,4332
4163,4333
4164,4334
4165,4335
4166,4336
4167,4337
4168,4338
4169,4339
4170,4340
4171,4341
4172,4342
4173,4343
4174,4344
4175,4345
4176,4346
4177,4347
4178,4348
4179,4349
4180,4350
4181,4351
4182,4352
4183,4353
4184,4354
4185,4355
4186,4356
4187,4357
4188,4358
4189,4359
4190,4360
4191,4361
4192,4362
4193,4363
4194,4364
4195,4365
4196,4366
4197,4367
4198,4368
4199,4369
4200,4370
4201,4371
4202,4372
4203,4373
4204,4374
4205,4375
4206,4376
4207,4377
4208,4378
4209,4379
4210,4380
4211,4381
4212,4382
4213,4383
4214,4384
4215,4385
4216,4386
4217,4387
4218,4388
4219,4389
4220,4390
4221,4391
4222,4392
4223,4393
4224,4394
4225,4395
4226,4396
4227,4397
4228,4398
4229,4399
4230,4400
4231,4401
4232,4402
4233,4403
4234,4404
4235,4405
4236,4406
